{
  "train_loss": [
    0.9756518084069957,
    0.7975347560384999,
    0.5916445540345233,
    0.4979286893554356,
    0.3879644715267679,
    0.29012559159942297,
    0.2348938111377799,
    0.2008452946725099,
    0.17429276037475336,
    0.15332331961911658,
    0.140673431041448,
    0.13354122865459192,
    0.12926150826008423,
    0.12618827690248904,
    0.12289001306761867,
    0.11987229226076085,
    0.1197262446841468,
    0.11541798095340314,
    0.11387897120869678,
    0.112828497491453,
    0.11187656936438187,
    0.11097262589179951,
    0.10932601858740268,
    0.1113283216305401,
    0.10815283704711043,
    0.10766060520773349,
    0.10492746191828148,
    0.10486835014560948
  ],
  "val_loss": [
    1.019710198044777,
    0.7667177046338717,
    0.6523073116938273,
    0.5815364370743433,
    0.5113440056641897,
    0.45622053121527034,
    0.42794395859042805,
    0.3927827961742878,
    0.3447943565746148,
    0.2748187594115734,
    0.22465372271835804,
    0.19438103586435318,
    0.1756676205744346,
    0.1636712501446406,
    0.15694650014241537,
    0.15118359215557575,
    0.14407293808956942,
    0.14046546382208666,
    0.14389946311712265,
    0.14282592696448168,
    0.1442006416618824,
    0.1458731492360433,
    0.14637062512338161,
    0.14437424515684447,
    0.15068601754804453,
    0.16207997438808283,
    0.15990292839705944,
    0.16757317694524923
  ]
}